X,Y,DCGISPLACE_NAMES_PTNAME,DCGISADDRESSES_PTADDRESS,DCGISADDRESSES_PTWARD,MARVW_PLACE_NAME_CATEGORIESCATEGORY,DCGISPLACE_NAMES_PTSTATUS,DCGISPLACE_NAMES_PTPLACE_NAME_ID,DCGISPLACE_NAMES_PTMAR_ID,DCGISPLACE_NAMES_PTBEFORE_DATE,DCGISPLACE_NAMES_PTBEFORE_DATE_SOURCE,DCGISPLACE_NAMES_PTBEGIN_DATE,DCGISPLACE_NAMES_PTBEGIN_DATE_SOURCE,DCGISPLACE_NAMES_PTFIRST_KNOWN_DATE,DCGISPLACE_NAMES_PTFIRST_KNOWN_DATE_SOURCE,DCGISPLACE_NAMES_PTCREATED_DATE,DCGISPLACE_NAMES_PTCREATED_USER,DCGISPLACE_NAMES_PTLAST_EDITED_DATE,DCGISPLACE_NAMES_PTLAST_EDITED_USER,DCGISPLACE_NAMES_PTSE_ANNO_CAD_DATA,DCGISPLACE_NAMES_PTOBJECTID,DCGISADDRESSES_PTOBJECTID,DCGISADDRESSES_PTSE_ANNO_CAD_DATA,DCGISADDRESSES_PTSMD,DCGISADDRESSES_PTANC
-77.0095614422886,38.8981258068195,NATIONAL GUARD MEMORIAL MUSEUM,1 MASSACHUSETTS AVENUE NW,Ward 6,MUSEUM / ZOO,ACTIVE,12766,238009,,,,,,,2013/03/18 10:54:38+00,DAVID,,,,655939,6875056,,SMD 6E07,ANC 6E
-77.0327271303644,38.8866592695163,UNITED STATES HOLOCAUST MEMORIAL MUSEUM,100 RAOUL WALLENBERG PLACE SW,Ward 2,MUSEUM / ZOO,ACTIVE,2990,293186,,,,,,,2005/08/12 16:06:07+00,OCTO GIS,,,,655994,6853389,,SMD 2A01,ANC 2A
-77.0259580820834,38.8887794709231,SMITHSONIAN INSTITUTION - CASTLE,1000 JEFFERSON DRIVE SW,Ward 2,MUSEUM / ZOO,ACTIVE,2991,293187,,,,,,,2005/08/12 16:06:07+00,OCTO GIS,,,,656007,6877273,,SMD 2C03,ANC 2C
-77.0259580820834,38.8887794709231,THE CASTLE,1000 JEFFERSON DRIVE SW,Ward 2,MUSEUM / ZOO,ACTIVE,9829,293187,,,,,,,2010/10/14 10:23:54+00,DARREN,,,,656008,6877273,,SMD 2C03,ANC 2C
-77.0261739630625,38.897553846948,MADAME TUSSAUDS,1001 F STREET NW,Ward 2,MUSEUM / ZOO,ACTIVE,10282,243407,,,,,,,2011/06/27 15:03:10+00,DAVID,,,,656026,6903187,,SMD 2C01,ANC 2C
-77.0264462667821,38.8879610402322,ARTHUR M. SACKLER GALLERY,1050 INDEPENDENCE AVENUE SW,Ward 2,MUSEUM / ZOO,ACTIVE,2995,293191,,,,,,,2005/08/12 16:06:07+00,OCTO GIS,,,,656305,6877274,,SMD 2C03,ANC 2C
-77.0268772306523,38.888565944615,S. DILLON RIPLEY CENTER,1100 JEFFERSON DRIVE SW,Ward 2,MUSEUM / ZOO,ACTIVE,9688,308882,,,,,,,2010/09/07 10:09:40+00,DARREN,,,,656444,6874737,,SMD 2C03,ANC 2C
-77.0381001942581,38.905163710092,EMBASSY OF AUSTRALIA,1145 17TH STREET NW,Ward 2,MUSEUM / ZOO,ACTIVE,17496,290192,,,,,,,2020/07/16 15:18:36+00,DAVID,,,,656703,6801604,,SMD 2C02,ANC 2C
-77.0381001942581,38.905163710092,NATIONAL GEOGRAPHIC MUSEUM,1145 17TH STREET NW,Ward 2,MUSEUM / ZOO,ACTIVE,9695,290192,,,,,,,2010/09/08 08:34:05+00,DARREN,,,,656704,6801604,,SMD 2C02,ANC 2C
-77.0381470897621,38.9059742663063,CHARLES SUMNER SCHOOL,1201 17TH STREET NW,Ward 2,MUSEUM / ZOO,ACTIVE,11282,301200,,,,,,,2011/10/13 10:05:20+00,DARREN,,,,656847,6902495,,SMD 2C02,ANC 2C
-77.0381470897621,38.9059742663063,CHARLES SUMNER SCHOOL MUSEUM & ARCHIVES,1201 17TH STREET NW,Ward 2,MUSEUM / ZOO,ACTIVE,18089,301200,,,,,,,2022/06/02 10:09:34+00,DAVID,,,,656848,6902495,,SMD 2C02,ANC 2C
-77.029144781682,38.9000666568483,NATIONAL MUSEUM OF WOMEN IN THE ARTS,1250 NEW YORK AVENUE NW,Ward 2,MUSEUM / ZOO,ACTIVE,206,279010,,,,,,,2005/05/12 00:00:00+00,Baker/Arcbridge,,,,657195,6812554,,SMD 2C01,ANC 2C
-77.0302141600362,38.8949473818548,NATIONAL CHILDRENS MUSUEM,1300 PENNSYLVANIA AVENUE NW,Ward 2,MUSEUM / ZOO,ACTIVE,17701,293198,,,,,,,2021/10/07 12:43:17+00,DAVID,,,,657341,6917901,,SMD 2C03,ANC 2C
-77.0445509925171,38.908052298028,HEURICH HOUSE MANSION,1307 NEW HAMPSHIRE AVENUE NW,Ward 2,MUSEUM / ZOO,ACTIVE,2954,241060,,,,,,,2005/08/12 12:56:54+00,OCTO GIS,2008/10/17 18:34:54+00,OCTO GIS DBA,,657435,6787960,,SMD 2B05,ANC 2B
-77.0445509925171,38.908052298028,CHRISTIAN HEURICH HOUSE MUSEUM,1307 NEW HAMPSHIRE AVENUE NW,Ward 2,MUSEUM / ZOO,ACTIVE,9803,241060,,,,,,,2010/10/13 10:24:44+00,DARREN,,,,657437,6787960,,SMD 2B05,ANC 2B
-77.0308656475862,38.908175805465,BETHUNE MEMORIAL MUSEUM,1318 VERMONT AVENUE NW,Ward 2,MUSEUM / ZOO,ACTIVE,15643,225385,,,,,,,2016/07/18 10:35:08+00,DAVID,,,,657554,6871402,,SMD 2F04,ANC 2F
-77.0327169095623,38.8910135623129,AFRICAN AMERICAN HISTORY MUSEUM,1400 CONSTITUTION AVENUE NW,Ward 2,MUSEUM / ZOO,ACTIVE,16028,310702,,,,,,,2017/11/06 07:15:46+00,DAVID,,,,657977,6889831,,SMD 2C03,ANC 2C
-77.0327169095623,38.8910135623129,NATIONAL MUSUEM OF AFRICAN AMERICAN HISTORY AND CULTURE,1400 CONSTITUTION AVENUE NW,Ward 2,MUSEUM / ZOO,ACTIVE,15654,310702,,,,,,,2016/09/06 14:12:30+00,DAVID,,,,657978,6889831,,SMD 2C03,ANC 2C
-77.0370010564739,38.9094633880993,L. RON HUBBARD HOUSE,1424 16TH STREET NW,Ward 2,MUSEUM / ZOO,ACTIVE,12534,242012,,,,,,,2012/09/14 13:35:06+00,DARREN,,,,658177,6788028,,SMD 2B04,ANC 2B
-77.0037567247783,38.8922719597704,SEWALL-BELMONT HOUSE,144 CONSTITUTION AVENUE NE,Ward 6,MUSEUM / ZOO,ACTIVE,16707,286201,,,,,,,2018/11/16 09:44:26+00,DAVID,,,,658283,6885040,,SMD 6C02,ANC 6C
-77.0037567247783,38.8922719597704,BELMONT-PAUL WOMENS EQUALITY NATIONAL MONUMENT,144 CONSTITUTION AVENUE NE,Ward 6,MUSEUM / ZOO,ACTIVE,16708,286201,,,,,,,2018/11/16 09:44:27+00,DAVID,,,,658284,6885040,,SMD 6C02,ANC 6C
-77.0341591442019,38.9083637038878,U.S. DAUGHTERS OF 1812 - 1812 LIBRARY AND MUSEUM,1463 RHODE ISLAND AVENUE NW,Ward 2,MUSEUM / ZOO,ACTIVE,11232,240224,,,,,,,2011/09/15 13:20:46+00,DARREN,,,,658452,6910019,,SMD 2F03,ANC 2F
-77.0355112137744,38.9065101932922,1500 MASS APARTMENTS,1500 MASSACHUSETTS AVENUE NW,Ward 2,MUSEUM / ZOO,ACTIVE,12135,242324,,,,,,,2012/07/23 13:18:27+00,OCTO GIS DBA,,,,658544,6873951,,SMD 2C02,ANC 2C
-77.0355065968507,38.9324381472643,POWHATAN MUSEUM,1519 MONROE STREET NW,Ward 1,MUSEUM / ZOO,ACTIVE,15646,234557,,,,,,,2016/07/18 10:40:55+00,DAVID,,,,658687,6882541,,SMD 1A05,ANC 1A
-77.0359467320217,38.9004498692013,ST. JOHN'S PARISH HOUSE,1525 H STREET NW,Ward 2,MUSEUM / ZOO,ACTIVE,8200,218329,,,,,,,2007/05/10 10:21:54+00,OCTO GIS,,,,658727,6783002,,SMD 2C02,ANC 2C
-77.0468545516689,38.9115097908593,THE PHILLIPS COLLECTION,1600 21ST STREET NW,Ward 2,MUSEUM / ZOO,ACTIVE,15352,243333,,,,,,,2016/05/12 10:26:06+00,DAVID,,,,658897,6840244,,SMD 2B02,ANC 2B
-77.0468545516689,38.9115097908593,PHILLIPS COLLECTION,1600 21ST STREET NW,Ward 2,MUSEUM / ZOO,ACTIVE,7577,243333,,,,,,,2006/08/13 16:48:39+00,OCTO GIS,2008/10/17 18:34:54+00,OCTO GIS DBA,,658898,6840244,,SMD 2B02,ANC 2B
-77.0372075947478,38.9053426334141,NATIONAL GEOGRAPHIC SOCIETY HEADQUARTERS,1600 M STREET NW,Ward 2,MUSEUM / ZOO,ACTIVE,7595,302627,,,,,,,2006/08/25 12:38:05+00,OCTO GIS,,,,658911,6878906,,SMD 2C02,ANC 2C
-77.0469371664484,38.9117755038038,PHILLIPS COLLECTION,1612 21ST STREET NW,Ward 2,MUSEUM / ZOO,ACTIVE,8392,302497,,,,,,,2007/05/10 10:21:54+00,OCTO GIS,,,,658969,6919707,,SMD 2B02,ANC 2B
-77.0450576009668,38.9138960864351,LAOGAI MUSEUM,1734 20TH STREET NW,Ward 2,MUSEUM / ZOO,ACTIVE,12533,285655,,,,,,,2012/09/14 13:33:51+00,DARREN,,,,659445,6792849,,SMD 2B01,ANC 2B
-77.0414586664707,38.8963508590385,OCTAGON HOUSE,1799 NEW YORK AVENUE NW,Ward 2,MUSEUM / ZOO,ACTIVE,141,218490,,,,,,,2005/05/12 00:00:00+00,Baker/Arcbridge,,,,659580,6912904,,SMD 2A01,ANC 2A
-77.042115780538,38.9128205972082,NATIONAL MUSEUM OF AMERICAN JEWISH MILITARY HISTORY,1811 R STREET NW,Ward 2,MUSEUM / ZOO,ACTIVE,2949,243292,,,,,,,2005/08/12 12:56:53+00,OCTO GIS,,,,659684,6875256,,SMD 2B03,ANC 2B
-77.0437358343298,38.9145959960391,L. RON HUBBARD HOUSE,1812 19TH STREET NW,Ward 2,MUSEUM / ZOO,ACTIVE,15353,240991,,,,,,,2016/05/12 10:30:10+00,DAVID,,,,659689,6810693,,SMD 2B01,ANC 2B
-77.0426025701069,38.8944528345871,INTERIOR MUSEUM,1849 C STREET NW,Ward 2,MUSEUM / ZOO,ACTIVE,13191,293214,,,,,,,2014/07/30 14:48:28+00,DAVID,,,,659963,6862334,,SMD 2A01,ANC 2A
-77.0426025701069,38.8944528345871,DEPARTMENT OF THE INTERIOR MUSEUM,1849 C STREET NW,Ward 2,MUSEUM / ZOO,ACTIVE,9699,293214,,,,,,,2010/09/08 08:40:50+00,DARREN,,,,659964,6862334,,SMD 2A01,ANC 2A
-76.9768453949637,38.8565805137252,ANACOSTIA COMMUNITY MUSEUM,1901 FORT PLACE SE,Ward 8,MUSEUM / ZOO,ACTIVE,9801,286524,,,,,,,2010/10/13 10:16:44+00,DARREN,,,,660058,6836011,,SMD 8B03,ANC 8B
-77.0253661260672,38.9164435426071,AFRICAN AMERICAN CIVIL WAR MEMORIAL MUSEUM,1925 VERMONT AVENUE NW,Ward 1,MUSEUM / ZOO,ACTIVE,12528,310615,,,,,,,2012/09/14 13:23:10+00,DARREN,,,,660183,6781035,,SMD 1B02,ANC 1B
-77.0081819062958,38.8981858172254,NATIONAL POSTAL MUSEUM,2 MASSACHUSETTS AVENUE NE,Ward 6,MUSEUM / ZOO,ACTIVE,3023,293217,,,,,,,2005/08/12 16:06:07+00,OCTO GIS,,,,660280,6878961,,SMD 6E07,ANC 6E
-77.010302678564,38.8653561965391,MATTHEW HENSON EARTH CONSERVATION CENTER,2000 HALF STREET SW,Ward 6,MUSEUM / ZOO,ACTIVE,10034,277758,,,,,,,2010/12/01 08:48:56+00,DARREN,,,,660353,6862841,,SMD 6D08,ANC 6D
-77.0414936407572,38.8928620851317,ART MUSEUM OF THE AMERICAS,201 18TH STREET NW,Ward 2,MUSEUM / ZOO,ACTIVE,3379,294191,,,,,,,2005/08/15 11:45:59+00,OCTO GIS,,,,660440,6878133,,SMD 2A01,ANC 2A
-77.0414936407572,38.8928620851317,OAS ART MUSEUM OF THE AMERICAS,201 18TH STREET NW,Ward 2,MUSEUM / ZOO,ACTIVE,11430,294191,,,,,,,2011/12/21 16:10:00+00,DAVID,,,,660441,6878133,,SMD 2A01,ANC 2A
-77.0459629303104,38.9124011601193,MARSHA MATEYKA GALLERY,2012 R STREET NW,Ward 2,MUSEUM / ZOO,ACTIVE,11239,242708,,,,,,,2011/10/03 16:49:46+00,DARREN,,,,660484,6863205,,SMD 2B02,ANC 2B
-77.0457115239663,38.9083686733258,O STREET MUSEUM FOUNDATION,2016 O STREET NW,Ward 2,MUSEUM / ZOO,ACTIVE,14676,242704,,,,,,,2015/05/12 15:42:01+00,DAVID,,,,660507,6809247,,SMD 2B05,ANC 2B
-77.045858310324,38.9083923077571,O STREET MUSEUM FOUNDATION,2020 O STREET NW,Ward 2,MUSEUM / ZOO,ACTIVE,12535,243057,,,,,,,2012/09/14 13:46:48+00,DARREN,,,,660541,6809248,,SMD 2B05,ANC 2B
-77.0473702090563,38.9124278032312,FONDO DEL SOL VISUAL ARTS CENTER,2112 R STREET NW,Ward 2,MUSEUM / ZOO,ACTIVE,12530,242393,,,,,,,2012/09/14 13:28:03+00,DARREN,,,,660840,6825040,,SMD 2B02,ANC 2B
-77.0511810939066,38.9153708418961,NATIONAL MUSEUM OF THE JEWISH PEOPLE,2312 CALIFORNIA STREET NW,Ward 2,MUSEUM / ZOO,ACTIVE,15641,234961,,,,,,,2016/07/18 10:26:50+00,DAVID,,,,661433,6836975,,SMD 2D02,ANC 2D
-77.0510982872508,38.9138996364093,MARTHA TUCKER HOUSE,2320 S STREET NW,Ward 2,MUSEUM / ZOO,ACTIVE,8278,243164,,,,,,,2007/05/10 10:21:54+00,OCTO GIS,,,,661457,6800178,,SMD 2D02,ANC 2D
-77.0887809936663,38.9219119749913,KREEGER MUSEUM,2401 FOXHALL ROAD NW,Ward 3,MUSEUM / ZOO,ACTIVE,2948,271251,,,,,,,2005/08/12 12:56:53+00,OCTO GIS,,,,661596,6811369,,SMD 3D07,ANC 3D
-77.0200330040613,38.9242887596817,HOWARD UNIVERSITY GALLERY OF ART,2449 6TH STREET NW,Ward 1,MUSEUM / ZOO,ACTIVE,15354,311626,,,,,,,2016/05/17 10:37:00+00,DAVID,,,,661730,6894290,,SMD 1E05,ANC 1E
-77.0558676658036,38.9108610115246,DUMBARTON HOUSE,2715 Q STREET NW,Ward 2,MUSEUM / ZOO,ACTIVE,2955,273151,,,,,,,2005/08/12 12:56:54+00,OCTO GIS,,,,662241,6801054,,SMD 2E07,ANC 2E
-77.0231594748953,38.9267655595328,THE HISTORY OF CANNABIS MUSEUM,2822 GEORGIA AVENUE NW,Ward 1,MUSEUM / ZOO,ACTIVE,16698,232586,,,,,,,2018/10/16 14:02:46+00,DAVID,,,,662446,6836374,,SMD 1E05,ANC 1E
-77.0360366534419,38.925552300777,MEXICAN CULTURAL INSTITUTE,2829 16TH STREET NW,Ward 1,MUSEUM / ZOO,ACTIVE,2965,235878,,,,,,,2005/08/12 12:56:54+00,OCTO GIS,,,,662459,6892083,,SMD 1A01,ANC 1A
-77.054380144159,38.9306149042781,NATIONAL ZOO,3001 CONNECTICUT AVENUE NW,Ward 3,MUSEUM / ZOO,ACTIVE,3039,293230,,,,,,,2005/08/12 16:06:07+00,OCTO GIS,,,,662681,6866994,,SMD 3C03,ANC 3C
-77.054380144159,38.9306149042781,SMITHSONIAN NATIONAL ZOOLOGICAL PARK,3001 CONNECTICUT AVENUE NW,Ward 3,MUSEUM / ZOO,ACTIVE,11250,293230,,,,,,,2011/10/12 13:41:19+00,DARREN,,,,662682,6866994,,SMD 3C03,ANC 3C
-77.054380144159,38.9306149042781,NATIONAL ZOO VISITOR CENTER,3001 CONNECTICUT AVENUE NW,Ward 3,MUSEUM / ZOO,ACTIVE,7153,293230,,,,,,,2006/05/14 03:29:05+00,OCTO GIS DBA,,,,662683,6866994,,SMD 3C03,ANC 3C
-77.0869570113552,38.9392125518996,AMERICAN UNIVERSITY MUSEUM,3500 NEBRASKA AVENUE NW,Ward 3,MUSEUM / ZOO,ACTIVE,12529,223996,,,,,,,2012/09/14 13:24:06+00,DARREN,,,,664118,6834818,,SMD 3E07,ANC 3E
-76.9698926623556,38.9124105566893,THE NATIONAL BONSAI & PENJING MUSEUM,3501 NEW YORK AVENUE NE,Ward 5,MUSEUM / ZOO,ACTIVE,15638,293238,,,,,,,2016/07/18 10:17:19+00,DAVID,,,,664131,6803549,,SMD 5C04,ANC 5C
-77.0049112792347,38.9376875308893,NATIONAL SHRINE OF SAINT JOHN PAUL II,3900 HAREWOOD ROAD NE,Ward 5,MUSEUM / ZOO,ACTIVE,13070,288031,,,,,,,2014/04/29 14:46:05+00,DAVID,,,,664930,6877303,,SMD 5A05,ANC 5A
-77.0171400288656,38.8848382193996,MUSEUM OF THE BIBLE,400 4TH STREET SW,Ward 6,MUSEUM / ZOO,ACTIVE,16029,311513,,,,,,,2017/11/06 07:20:34+00,DAVID,,,,665074,6902225,,SMD 6D02,ANC 6D
-77.0171400288656,38.8848382193996,BIBLE MUSEUM,400 4TH STREET SW,Ward 6,MUSEUM / ZOO,ACTIVE,16030,311513,,,,,,,2017/11/06 07:20:34+00,DAVID,,,,665075,6902225,,SMD 6D02,ANC 6D
-77.0232235855586,38.8952218443935,STABLES ART CENTER,410 8TH STREET NW,Ward 2,MUSEUM / ZOO,ACTIVE,1085,279758,,,,,,,2005/08/03 12:32:04+00,OCTO GIS,2008/10/17 18:34:54+00,OCTO GIS DBA,,665251,6790956,,SMD 2C03,ANC 2C
-77.0526196505072,38.9436417119432,HILLWOOD MUSEUM,4155 LINNEAN AVENUE NW,Ward 3,MUSEUM / ZOO,ACTIVE,2833,284839,,,,,,,2005/08/12 12:56:49+00,OCTO GIS,,,,665337,6902417,,SMD 3F03,ANC 3F
-77.0526196505072,38.9436417119432,HILLWOOD ESTATE MUSEUM AND GARDENS,4155 LINNEAN AVENUE NW,Ward 3,MUSEUM / ZOO,ACTIVE,16316,284839,,,,,,,2018/03/08 13:14:24+00,DAVID,,,,665338,6902417,,SMD 3F03,ANC 3F
-77.0402065087189,38.8948675284106,AMERICAN RED CROSS COMPASSION CENTER,430 17TH STREET NW,Ward 2,MUSEUM / ZOO,ACTIVE,7035,300987,,,,,,,2006/04/08 05:38:56+00,OCTO GIS,2008/10/17 18:34:54+00,OCTO GIS DBA,,665500,6840478,,SMD 2A01,ANC 2A
-77.0216959373764,38.8958679480166,CLARA BARTON MISSING SOLDIERS OFFICE MUSEUM,437 7TH STREET NW,Ward 2,MUSEUM / ZOO,ACTIVE,16177,279777,,,,,,,2018/01/30 12:36:44+00,DAVID,,,,665619,6813152,,SMD 2C03,ANC 2C
-77.088417131287,38.9390892139088,AMERICAN UNIVERSITY PRESIDENT'S OFFICE BUILDING,4400 MASSACHUSETTS AVENUE NW,Ward 3,MUSEUM / ZOO,ACTIVE,9718,223994,,,,,,,2010/09/10 12:12:50+00,DARREN,,,,665660,6797227,,SMD 3E07,ANC 3E
-77.0178616750704,38.8959636355524,NATIONAL LAW ENFORCEMENT MUSEUM,444 E STREET NW,Ward 6,MUSEUM / ZOO,ACTIVE,16697,306555,,,,,,,2018/10/16 14:01:21+00,DAVID,,,,665705,6810015,,SMD 6E08,ANC 6E
-77.0990925904742,38.9214335412034,CONDUIT ROAD SCHOOLHOUSE,4954 MACARTHUR BOULEVARD NW,Ward 3,MUSEUM / ZOO,ACTIVE,2947,276372,,,,,,,2005/08/12 12:56:53+00,OCTO GIS,,,,666121,6841418,,SMD 3D05,ANC 3D
-77.0397427362214,38.89585446382,CORCORAN MUSEUM AND COLLEGE OF ART + DESIGN,500 17TH STREET NW,Ward 2,MUSEUM / ZOO,ACTIVE,2939,279802,,,,,,,2005/08/12 12:56:53+00,OCTO GIS,2008/10/17 18:34:53+00,OCTO GIS DBA,,666155,6827503,,SMD 2A01,ANC 2A
-77.0397427362214,38.89585446382,LUTHER W. BRADY ART GALLERY,500 17TH STREET NW,Ward 2,MUSEUM / ZOO,ACTIVE,17862,279802,,,,,,,2022/05/13 10:14:24+00,DAVID,,,,666156,6827503,,SMD 2A01,ANC 2A
-77.0257782879355,38.8968023670295,FORDS THEATRE TICKET OFFICE,517 10TH STREET NW,Ward 2,MUSEUM / ZOO,ACTIVE,15064,297633,,,,,,,2015/12/10 15:00:52+00,DAVID,,,,666343,6876528,,SMD 2C03,ANC 2C
-77.0516860551063,38.9599636804434,ROCK CREEK PARK NATURE CENTER & PLANETARIUM,5200 GLOVER ROAD NW,Ward 3,MUSEUM / ZOO,ACTIVE,9336,308551,,,,,,,2010/08/02 13:30:44+00,DAVID,,,,666374,6828040,,SMD 3F03,ANC 3F
-77.0148968973889,38.8970250566587,CAPITOL JEWISH MUSEUM,575 3RD STREET NW,Ward 6,MUSEUM / ZOO,ACTIVE,18090,314514,,,,,,,2022/06/02 12:04:12+00,DAVID,,,,666925,6899298,,SMD 6E08,ANC 6E
-77.0148968973889,38.8970250566587,LILLIAN & ALBERT SMALL CAPITAL JEWISH MUSEUM,575 3RD STREET NW,Ward 6,MUSEUM / ZOO,ACTIVE,18091,314514,,,,,,,2022/06/02 12:04:12+00,DAVID,,,,666926,6899298,,SMD 6E08,ANC 6E
-77.0215111603777,38.8970454657431,NATIONAL MUSEUM OF CRIME & PUNISHMENT,575 7TH STREET NW,Ward 2,MUSEUM / ZOO,ACTIVE,9053,279832,,,,,,,2010/06/24 15:41:57+00,DAVID,,,,666927,6814061,,SMD 2C03,ANC 2C
-77.0113968156725,38.8794787496571,RUBELL MUSEUM DC,65 I STREET SW,Ward 6,MUSEUM / ZOO,ACTIVE,23042,294466,,,,,,,2023/01/31 14:19:44+00,DAVID,,,,667292,6876964,,SMD 6D02,ANC 6D
-77.0198284196538,38.8881939566969,NATIONAL AIR AND SPACE MUSEUM,655 JEFFERSON DRIVE SW,Ward 2,MUSEUM / ZOO,ACTIVE,17353,330977,,,,,,,2020/01/24 08:58:18+00,DAVID,,,,667318,6900843,,SMD 2C03,ANC 2C
-77.0198284196538,38.8881939566969,ALBERT EINSTEIN PLANETARIUM,655 JEFFERSON DRIVE SW,Ward 2,MUSEUM / ZOO,ACTIVE,17354,330977,,,,,,,2020/01/24 08:58:19+00,DAVID,,,,667319,6900843,,SMD 2C03,ANC 2C
-77.0198284196538,38.8881939566969,AIR AND SPACE MUSEUM,655 JEFFERSON DRIVE SW,Ward 2,MUSEUM / ZOO,ACTIVE,17355,330977,,,,,,,2020/01/24 08:59:01+00,DAVID,,,,667320,6900843,,SMD 2C03,ANC 2C
-77.0255371491905,38.8839790868398,INTERNATIONAL SPY MUSEUM,700 L'ENFANT PLAZA SW,Ward 6,MUSEUM / ZOO,ACTIVE,16922,317008,,,,,,,2019/05/13 07:21:26+00,DAVID,,,,667417,6901446,,SMD 6D01,ANC 6D
-77.0255371491905,38.8839790868398,SPY MUSEUM,700 L'ENFANT PLAZA SW,Ward 6,MUSEUM / ZOO,ACTIVE,16923,317008,,,,,,,2019/05/13 07:21:26+00,DAVID,,,,667418,6901446,,SMD 6D01,ANC 6D
-77.022940280048,38.8928326103589,NATIONAL ARCHIVES,700 PENNSYLVANIA AVENUE NW,Ward 2,MUSEUM / ZOO,ACTIVE,12536,293251,,,,,,,2012/09/14 13:47:15+00,DARREN,,,,667423,6919329,,SMD 2C03,ANC 2C
-77.0464171329598,38.898802962764,THE TEXTILE MUSEUM,701 21ST STREET NW,Ward 2,MUSEUM / ZOO,ACTIVE,16027,311648,,,,,,,2017/11/06 07:14:57+00,DAVID,,,,667435,6894200,,SMD 2A07,ANC 2A
-77.0464171329598,38.898802962764,GEORGE WASHINGTON UNIVERSITY MUSEUM,701 21ST STREET NW,Ward 2,MUSEUM / ZOO,ACTIVE,14004,311648,,,,,,,2014/11/03 09:01:09+00,DAVID,,,,667436,6894200,,SMD 2A07,ANC 2A
-77.0223823012895,38.894445937653,NAVAL HERITAGE CENTER,701 PENNSYLVANIA AVENUE NW,Ward 2,MUSEUM / ZOO,ACTIVE,9828,279889,,,,,,,2010/10/14 10:17:37+00,DARREN,,,,667455,6852650,,SMD 2C03,ANC 2C
-76.9951614411306,38.9328661108712,BROOKLAND WORKS,716 MONROE STREET NE,Ward 5,MUSEUM / ZOO,ACTIVE,12938,309744,,,,,,,2013/09/09 14:11:20+00,DAVID,,,,667597,6882799,,SMD 5F02,ANC 5F
-77.0195887888704,38.8991106109669,GERMAN AMERICAN HERITAGE MUSEUM,719 6TH STREET NW,Ward 2,MUSEUM / ZOO,ACTIVE,12764,238949,,,,,,,2013/03/18 10:47:54+00,DAVID,,,,667625,6786177,,SMD 2C01,ANC 2C
-76.995306316944,38.8730428916174,NATIONAL MUSEUM OF UNITED STATES NAVY,736 SICARD STREET SE,Ward 8,MUSEUM / ZOO,ACTIVE,15639,311896,,,,,,,2016/07/18 10:24:04+00,DAVID,,,,667758,6894360,,SMD 8F01,ANC 8F
-77.0381989023592,38.9000337789522,DECATUR HOUSE MUSEUM,748 JACKSON PLACE NW,Ward 2,MUSEUM / ZOO,ACTIVE,10245,293257,,,,,,,2011/06/07 14:25:55+00,DARREN,,,,667799,6815663,,SMD 2A07,ANC 2A
-77.022945045025,38.9026295658467,HISTORICAL SOCIETY OF WASHINGTON DC,801 K STREET NW,Ward 2,MUSEUM / ZOO,ACTIVE,12532,238956,,,,,,,2012/09/14 13:30:31+00,DARREN,,,,667989,6859283,,SMD 2G05,ANC 2G
-76.9944246584109,38.8918345307795,SHOOK MUSEUM FOUNDATION,802 MASSACHUSETTS AVENUE NE,Ward 6,MUSEUM / ZOO,ACTIVE,15647,79669,,,,,,,2016/07/18 10:41:31+00,DAVID,,,,668015,6889246,,SMD 6A07,ANC 6A
-76.9945917150589,38.8746768045942,US NAVY MUSEUM,805 KIDDER BREESE STREET SE,Ward 8,MUSEUM / ZOO,ACTIVE,12765,291854,,,,,,,2013/03/18 10:49:56+00,DAVID,,,,668058,6827356,,SMD 8F01,ANC 8F
-76.9945917150589,38.8746768045942,WASHINGTON NAVY YARD U.S. NAVY MUSEUM,805 KIDDER BREESE STREET SE,Ward 8,MUSEUM / ZOO,ACTIVE,9606,291854,,,,,,,2010/08/17 08:34:16+00,DARREN,,,,668059,6827356,,SMD 8F01,ANC 8F
-77.0473088467804,38.9122214469916,INTERNATIONAL ARTS & ARTISTS,9 HILLYER COURT NW,Ward 2,MUSEUM / ZOO,ACTIVE,15645,279975,,,,,,,2016/07/18 10:39:00+00,DAVID,,,,668377,6878949,,SMD 2B02,ANC 2B
-77.0244962156388,38.8881799187181,ARTS AND INDUSTRIES BUILDING,900 JEFFERSON DRIVE SW,Ward 2,MUSEUM / ZOO,ACTIVE,3076,293260,,,,,,,2005/08/12 16:06:07+00,OCTO GIS,,,,668405,6817337,,SMD 2C03,ANC 2C
-77.0293069095231,38.9021311519974,PLANET WORD,925 13TH STREET NW,Ward 2,MUSEUM / ZOO,ACTIVE,17702,240926,,,,,,,2021/10/07 12:46:14+00,DAVID,,,,668552,6884534,,SMD 2C01,ANC 2C
-77.0245807426066,38.9000023957799,MUSEUM OF ILLUSIONS,927 H STREET NW,Ward 2,MUSEUM / ZOO,ACTIVE,23012,331068,,,,,,,2022/11/16 14:26:49+00,DAVID,,,,668566,6901105,,SMD 2C04,ANC 2C
-77.0255091830225,38.8879621494984,NATIONAL MUSEUM OF AFRICAN ART,950 INDEPENDENCE AVENUE SW,Ward 2,MUSEUM / ZOO,ACTIVE,3078,293262,,,,,,,2005/08/12 16:06:07+00,OCTO GIS,,,,668615,6792772,,SMD 2C03,ANC 2C
-77.0117706927122,38.9417078032943,LINCOLN'S COTTAGE,,Ward 5,MUSEUM / ZOO,ACTIVE,12537,292871,,,,,,,2012/09/14 14:02:55+00,DARREN,,,,668995,6878408,,SMD 5A05,ANC 5A
-77.0259758185518,38.8912730757097,NATIONAL MUSEUM OF NATURAL HISTORY,,Ward 2,MUSEUM / ZOO,ACTIVE,2992,293188,,,,,,,2005/08/12 16:06:07+00,OCTO GIS,,,,669087,6897427,,SMD 2C03,ANC 2C
-77.030049023856,38.8912376868383,NATIONAL MUSEUM OF AMERICAN HISTORY,,Ward 2,MUSEUM / ZOO,ACTIVE,3005,293200,,,,,,,2005/08/12 16:06:07+00,OCTO GIS,,,,669088,6878679,,SMD 2C03,ANC 2C
-77.0166387690034,38.8912403670627,NATIONAL GALLERY OF ART - EAST BUILDING,,Ward 2,MUSEUM / ZOO,ACTIVE,3015,293209,,,,,,,2005/08/12 16:06:07+00,OCTO GIS,,,,669089,6879100,,SMD 2C03,ANC 2C
-77.0199246112473,38.8913060642939,NATIONAL GALLERY OF ART - WEST BUILDING,,Ward 2,MUSEUM / ZOO,ACTIVE,3062,293249,,,,,,,2005/08/12 16:06:07+00,OCTO GIS,,,,669090,6879099,,SMD 2C03,ANC 2C
-77.0229083065424,38.8912610158246,NATIONAL GALLERY OF ART SCULPTURE GARDEN ICE SKATING RINK,,Ward 2,MUSEUM / ZOO,ACTIVE,3073,293258,,,,,,,2005/08/12 16:06:07+00,OCTO GIS,2006/12/27 12:33:11+00,OCTO GIS DBA,,669091,6917309,,SMD 2C03,ANC 2C
-77.0229083065424,38.8912610158246,NATIONAL GALLERY OF ART SCULPTURE GARDEN,,Ward 2,MUSEUM / ZOO,ACTIVE,3074,293258,,,,,,,2005/08/12 16:06:07+00,OCTO GIS,2006/12/27 12:33:11+00,OCTO GIS DBA,,669092,6917309,,SMD 2C03,ANC 2C
-77.0229743959285,38.8981884386395,NATIONAL PORTRAIT GALLERY,,Ward 2,MUSEUM / ZOO,ACTIVE,3440,294248,,,,,,,2005/08/15 11:45:59+00,OCTO GIS,,,,669172,6879033,,SMD 2C01,ANC 2C
-77.0229743959285,38.8981884386395,SMITHSONIAN AMERICAN ART MUSEUM,,Ward 2,MUSEUM / ZOO,ACTIVE,12539,294248,,,,,,,2012/09/14 14:08:13+00,DARREN,,,,669173,6879033,,SMD 2C01,ANC 2C
-77.0229743959285,38.8981884386395,DONALD W. REYNOLDS CENTER FOR AMERICAN ART AND PORTRAITURE,,Ward 2,MUSEUM / ZOO,ACTIVE,10141,294248,,,,,,,2011/03/29 09:51:08+00,DAVID,,,,669174,6879033,,SMD 2C01,ANC 2C
-77.0273498149098,38.8882756750134,FREER GALLERY OF ART,,Ward 2,MUSEUM / ZOO,ACTIVE,11246,294417,,,,,,,2011/10/11 12:54:11+00,DARREN,,,,669305,6878684,,SMD 2C03,ANC 2C
-77.0229628340255,38.8884142679547,HIRSHHORN MUSEUM AND SCULPTURE GARDEN,,Ward 2,MUSEUM / ZOO,ACTIVE,3638,294428,,,,,,,2005/08/15 11:45:59+00,OCTO GIS,,,,669314,6879102,,SMD 2C03,ANC 2C
-77.0166824495506,38.8882575971772,NATIONAL MUSEUM OF THE AMERICAN INDIAN,,Ward 2,MUSEUM / ZOO,ACTIVE,3639,294429,,,,,,,2005/08/15 11:45:59+00,OCTO GIS,,,,669315,6878403,,SMD 2C03,ANC 2C
-77.0539168343522,38.9313466838401,NATIONAL ZOO CHEETAH CONSERVATION STATION,,Ward 3,MUSEUM / ZOO,ACTIVE,7116,301361,,,,,,,2006/05/14 03:15:10+00,OCTO GIS,,,,669399,6879800,,SMD 3C03,ANC 3C
-77.0535689648556,38.9316188046761,NATIONAL ZOO ZEBRAS,,Ward 3,MUSEUM / ZOO,ACTIVE,7117,301362,,,,,,,2006/05/14 03:15:10+00,OCTO GIS,,,,669400,6877866,,SMD 3C03,ANC 3C
-77.0532438920728,38.931841818794,NATIONAL ZOO KANGAROOS,,Ward 3,MUSEUM / ZOO,ACTIVE,7118,301363,,,,,,,2006/05/14 03:15:10+00,OCTO GIS,,,,669401,6877463,,SMD 3C03,ANC 3C
-77.0528270119043,38.9311313424228,NATIONAL ZOO FUJIFILM GIANT PANDA HABITAT,,Ward 3,MUSEUM / ZOO,ACTIVE,7119,301364,,,,,,,2006/05/14 03:15:10+00,OCTO GIS,,,,669402,6918222,,SMD 3C03,ANC 3C
-77.0526899853251,38.9314275074292,NATIONAL ZOO PANDA CAFE,,Ward 3,MUSEUM / ZOO,ACTIVE,7120,301365,,,,,,,2006/05/14 03:15:10+00,OCTO GIS,,,,669403,6894742,,SMD 3C03,ANC 3C
-77.0525628501135,38.9293415099845,NATIONAL ZOO GREAT FLIGHT EXHIBIT,,Ward 3,MUSEUM / ZOO,ACTIVE,7121,301366,,,,,,,2006/05/14 03:15:10+00,OCTO GIS,,,,669404,6877459,,SMD 3C03,ANC 3C
-77.0525134260244,38.9319179091707,NATIONAL ZOO RESTROOMS,,Ward 3,MUSEUM / ZOO,ACTIVE,7122,301367,,,,,,,2006/05/14 03:15:10+00,OCTO GIS,,,,669405,6902589,,SMD 3C03,ANC 3C
-77.0518908959724,38.9319736784123,NATIONAL ZOO PANDA PAVILION,,Ward 3,MUSEUM / ZOO,ACTIVE,7123,301368,,,,,,,2006/05/14 03:15:10+00,OCTO GIS,,,,669406,6919706,,SMD 3C03,ANC 3C
-77.0519584120636,38.929979208481,NATIONAL ZOO WETLANDS,,Ward 3,MUSEUM / ZOO,ACTIVE,7124,301369,,,,,,,2006/05/14 03:15:10+00,OCTO GIS,,,,669407,6877462,,SMD 3C03,ANC 3C
-77.0519538619048,38.9314902645685,NATIONAL ZOO GIRAFFES,,Ward 3,MUSEUM / ZOO,ACTIVE,7125,301370,,,,,,,2006/05/14 03:15:10+00,OCTO GIS,,,,669408,6877879,,SMD 3C03,ANC 3C
-77.0518668711752,38.9295468501425,NATIONAL ZOO BIRD HOUSE,,Ward 3,MUSEUM / ZOO,ACTIVE,7126,301371,,,,,,,2006/05/14 03:15:10+00,OCTO GIS,,,,669409,6918049,,SMD 3C03,ANC 3C
-77.0511659979643,38.9311339731621,NATIONAL ZOO ELEPHANT HOUSE,,Ward 3,MUSEUM / ZOO,ACTIVE,7127,301372,,,,,,,2006/05/14 03:15:10+00,OCTO GIS,,,,669410,6877882,,SMD 3C03,ANC 3C
-77.0509502908644,38.9304384456455,NATIONAL ZOO RESTROOMS,,Ward 3,MUSEUM / ZOO,ACTIVE,7128,301373,,,,,,,2006/05/14 03:15:10+00,OCTO GIS,,,,669411,6877455,,SMD 3C03,ANC 3C
-77.0508749669519,38.9310672585514,NATIONAL ZOO HIPPOPOTAMUS,,Ward 3,MUSEUM / ZOO,ACTIVE,7129,301374,,,,,,,2006/05/14 03:15:10+00,OCTO GIS,,,,669412,6877880,,SMD 3C03,ANC 3C
-77.050469259239,38.930296323045,NATIONAL ZOO GOLDEN LION TAMARINS,,Ward 3,MUSEUM / ZOO,ACTIVE,7130,301375,,,,,,,2006/05/14 03:15:10+00,OCTO GIS,,,,669413,6877460,,SMD 3C03,ANC 3C
-77.0498813583179,38.9302118973187,NATIONAL ZOO OTTERS,,Ward 3,MUSEUM / ZOO,ACTIVE,7131,301376,,,,,,,2006/05/14 03:15:10+00,OCTO GIS,,,,669414,6877461,,SMD 3C03,ANC 3C
-77.0495272447814,38.9298108177081,NATIONAL ZOO BALD EAGLES,,Ward 3,MUSEUM / ZOO,ACTIVE,7132,301377,,,,,,,2006/05/14 03:15:10+00,OCTO GIS,,,,669415,6917665,,SMD 3C03,ANC 3C
-77.0493437363883,38.9284514507507,NATIONAL ZOO SLOTH BEARS,,Ward 3,MUSEUM / ZOO,ACTIVE,7133,301378,,,,,,,2006/05/14 03:15:10+00,OCTO GIS,,,,669416,6884845,,SMD 3C03,ANC 3C
-77.0493277347736,38.9299936807406,NATIONAL ZOO MEXICAN WOLVES,,Ward 3,MUSEUM / ZOO,ACTIVE,7134,301379,,,,,,,2006/05/14 03:15:10+00,OCTO GIS,,,,669417,6877456,,SMD 3C03,ANC 3C
-77.0492473889987,38.9293830411212,NATIONAL ZOO SEALS,,Ward 3,MUSEUM / ZOO,ACTIVE,7135,301380,,,,,,,2006/05/14 03:15:10+00,OCTO GIS,,,,669418,6878179,,SMD 3C03,ANC 3C
-77.0487350200422,38.9304538037145,NATIONAL ZOO SMALL MAMMAL HOUSE,,Ward 3,MUSEUM / ZOO,ACTIVE,7136,301381,,,,,,,2006/05/14 03:15:10+00,OCTO GIS,,,,669419,6877457,,SMD 3C03,ANC 3C
-77.0483227843319,38.9292006484137,NATIONAL ZOO GIBBON RIDGE,,Ward 3,MUSEUM / ZOO,ACTIVE,7137,301382,,,,,,,2006/05/14 03:15:10+00,OCTO GIS,,,,669420,6878129,,SMD 3C03,ANC 3C
-77.0482342568198,38.929949546014,NATIONAL ZOO GREAT APE HOUSE,,Ward 3,MUSEUM / ZOO,ACTIVE,7138,301383,,,,,,,2006/05/14 03:15:10+00,OCTO GIS,,,,669421,6878130,,SMD 3C03,ANC 3C
-77.0480253097717,38.9279417690267,NATIONAL ZOO AMAZONIA,,Ward 3,MUSEUM / ZOO,ACTIVE,7139,301384,,,,,,,2006/05/14 03:15:10+00,OCTO GIS,,,,669422,6877799,,SMD 3C03,ANC 3C
-77.0476035583152,38.9289780779151,NATIONAL ZOO LEMUR ISLAND,,Ward 3,MUSEUM / ZOO,ACTIVE,7140,301385,,,,,,,2006/05/14 03:15:10+00,OCTO GIS,,,,669423,6877867,,SMD 3C03,ANC 3C
-77.0474445990938,38.9301370619748,NATIONAL ZOO KOMODO DRAGONS,,Ward 3,MUSEUM / ZOO,ACTIVE,7141,301386,,,,,,,2006/05/14 03:15:11+00,OCTO GIS,,,,669424,6877800,,SMD 3C03,ANC 3C
-77.0473793967485,38.9279933800745,NATIONAL ZOO POLICE,,Ward 3,MUSEUM / ZOO,ACTIVE,7142,301387,,,,,,,2006/05/14 03:15:11+00,OCTO GIS,,,,669425,6877881,,SMD 3C03,ANC 3C
-77.0474158637388,38.9299365486159,NATIONAL ZOO GORILLA GROVE,,Ward 3,MUSEUM / ZOO,ACTIVE,7143,301388,,,,,,,2006/05/14 03:15:11+00,OCTO GIS,,,,669426,6879705,,SMD 3C03,ANC 3C
-77.0473872734512,38.9297805362464,NATIONAL ZOO REPTILE DISCOVERY CENTER,,Ward 3,MUSEUM / ZOO,ACTIVE,7144,301389,,,,,,,2006/05/14 03:15:11+00,OCTO GIS,,,,669427,6917664,,SMD 3C03,ANC 3C
-77.0469350397562,38.9276411540766,NATIONAL ZOO MANE RESTURANT,,Ward 3,MUSEUM / ZOO,ACTIVE,7145,301390,,,,,,,2006/05/14 03:15:11+00,OCTO GIS,,,,669428,6877801,,SMD 3C03,ANC 3C
-77.0467358958892,38.92855945144,NATIONAL ZOO LIONS,,Ward 3,MUSEUM / ZOO,ACTIVE,7146,301391,,,,,,,2006/05/14 03:15:11+00,OCTO GIS,,,,669429,6894743,,SMD 3C03,ANC 3C
-77.0466394268383,38.9293573563142,NATIONAL ZOO THINK TANK,,Ward 3,MUSEUM / ZOO,ACTIVE,7147,301392,,,,,,,2006/05/14 03:15:11+00,OCTO GIS,,,,669430,6894744,,SMD 3C03,ANC 3C
-77.0463196273219,38.9274183537135,NATIONAL ZOO PICNIC PAVILION,,Ward 3,MUSEUM / ZOO,ACTIVE,7148,301393,,,,,,,2006/05/14 03:15:11+00,OCTO GIS,,,,669431,6781099,,SMD 3C03,ANC 3C
-77.0461424001229,38.9285329325845,NATIONAL ZOO TIGERS,,Ward 3,MUSEUM / ZOO,ACTIVE,7149,301394,,,,,,,2006/05/14 03:15:11+00,OCTO GIS,,,,669432,6894745,,SMD 3C03,ANC 3C
-77.0461300195034,38.9270442232447,NATIONAL ZOO KIDS' FARM,,Ward 3,MUSEUM / ZOO,ACTIVE,7150,301395,,,,,,,2006/05/14 03:15:11+00,OCTO GIS,,,,669433,6877458,,SMD 3C03,ANC 3C
-77.0303056127898,38.8901589576412,NATIONAL MUSEUM OF AMERICAN HISTORY GSI KIOSK,,Ward 2,MUSEUM / ZOO,ACTIVE,7248,301620,,,,,,,2006/06/02 15:40:37+00,OCTO GIS,,,,669452,6919348,,SMD 2C03,ANC 2C
-77.0301254232779,38.8903640349015,NATIONAL MUSEUM OF AMERICAN HISTORY TOURMOBILE KIOSK,,Ward 2,MUSEUM / ZOO,ACTIVE,7249,301621,,,,,,,2006/06/02 15:40:37+00,OCTO GIS,,,,669453,6900850,,SMD 2C03,ANC 2C
-77.0288681108096,38.8909665623394,NATIONAL MUSUEM OF AMERICAN HISTORY ANNEX,,Ward 2,MUSEUM / ZOO,ACTIVE,7616,302663,,,,,,,2006/09/01 12:50:04+00,OCTO GIS,,,,669535,6878683,,SMD 2C03,ANC 2C
-77.0541410814813,38.9300329882521,NATIONAL ZOO ASIA TRAIL,,Ward 3,MUSEUM / ZOO,ACTIVE,7738,303040,,,,,,,2006/10/23 15:27:41+00,OCTO GIS,,,,669543,6894822,,SMD 3C03,ANC 3C
-76.9718824500297,38.9120654023852,US NATIONAL ARBORETUM FRIENDSHIP GARDEN,,Ward 5,MUSEUM / ZOO,ACTIVE,7838,303189,,,,,,,2006/11/22 13:13:39+00,OCTO GIS,,,,669559,6878820,,SMD 5C04,ANC 5C
-76.9760526045887,38.9119262517057,US NATIONAL ARBORETUM PERENNIAL COLLECTIONS,,Ward 5,MUSEUM / ZOO,ACTIVE,7839,303190,,,,,,,2006/11/22 13:13:39+00,OCTO GIS,,,,669560,6919718,,SMD 5C04,ANC 5C
-76.9572954432814,38.9157045845826,US NATIONAL ARBORETUM GOTELLI DWARF AND SLOW-GROWING CONIFER COLLECTION,,Ward 5,MUSEUM / ZOO,ACTIVE,7840,303191,,,,,,,2006/11/22 13:13:39+00,OCTO GIS,,,,669561,6878815,,SMD 5C04,ANC 5C
-76.9657397048263,38.9076292248761,US NATIONAL ARBORETUM YOUTH GARDEN,,Ward 5,MUSEUM / ZOO,ACTIVE,7841,303192,,,,,,,2006/11/22 13:13:39+00,OCTO GIS,,,,669562,6902601,,SMD 5C04,ANC 5C
-76.9688744819307,38.907800269685,US NATIONAL ARBORETUM NATIONAL GROVE OF STATE TREES,,Ward 5,MUSEUM / ZOO,ACTIVE,7842,303193,,,,,,,2006/11/22 13:13:39+00,OCTO GIS,,,,669563,6878818,,SMD 5C04,ANC 5C
-76.9650132023923,38.9091070992304,US NATIONAL ARBORETUM FERN VALLEY,,Ward 5,MUSEUM / ZOO,ACTIVE,7843,303194,,,,,,,2006/11/22 13:13:39+00,OCTO GIS,,,,669564,6878816,,SMD 5C04,ANC 5C
-76.9675993645645,38.9102492923847,US NATIONAL ARBORETUM NATIONAL CAPITOL COLUMNS,,Ward 5,MUSEUM / ZOO,ACTIVE,7844,303195,,,,,,,2006/11/22 13:13:39+00,OCTO GIS,,,,669565,6878822,,SMD 5C04,ANC 5C
-76.9717030917716,38.9122279596432,US NATIONAL ARBORETUM ARBOR HOUSE,,Ward 5,MUSEUM / ZOO,ACTIVE,7845,303196,,,,,,,2006/11/22 13:13:39+00,OCTO GIS,,,,669566,6896390,,SMD 5C04,ANC 5C
-76.9559446265461,38.9147568565448,US NATIONAL ARBORETUM DOGWOOD COLLECTION,,Ward 5,MUSEUM / ZOO,ACTIVE,7846,303197,,,,,,,2006/11/22 13:13:39+00,OCTO GIS,,,,669567,6878823,,SMD 5C04,ANC 5C
-76.9554363357053,38.9125788077566,US NATIONAL ARBORETUM ASIAN COLLECTION,,Ward 5,MUSEUM / ZOO,ACTIVE,7847,303198,,,,,,,2006/11/22 13:13:39+00,OCTO GIS,,,,669568,6878821,,SMD 5C04,ANC 5C
-76.9598697090305,38.9107343348643,US NATIONAL ARBORETUM HOLLY AND MANGOLIA COLLECTIONS,,Ward 5,MUSEUM / ZOO,ACTIVE,7848,303199,,,,,,,2006/11/22 13:13:39+00,OCTO GIS,,,,669569,6878817,,SMD 5C04,ANC 5C
-76.968862537728,38.9121839972142,US NATIONAL ARBORETUM NATIONAL BONSAI AND PENJING MUSEUM,,Ward 5,MUSEUM / ZOO,ACTIVE,14675,303200,,,,,,,2015/05/12 15:40:53+00,DAVID,,,,669570,6919719,,SMD 5C04,ANC 5C
-76.969552321283,38.9115288221423,US NATIONAL ARBORETUM NATIONAL HERB GARDEN,,Ward 5,MUSEUM / ZOO,ACTIVE,7850,303201,,,,,,,2006/11/22 13:13:39+00,OCTO GIS,,,,669571,6888985,,SMD 5C04,ANC 5C
-76.9735850147067,38.9104456492901,US NATIONAL ARBORETUM AZALEA COLLECTIONS,,Ward 5,MUSEUM / ZOO,ACTIVE,7851,303202,,,,,,,2006/11/22 13:13:39+00,OCTO GIS,,,,669572,6878819,,SMD 5C04,ANC 5C
-76.9732415302671,38.9123142616316,US NATIONAL ARBORETUM NATIONAL BOXWOOD COLLECTION,,Ward 5,MUSEUM / ZOO,ACTIVE,7852,303203,,,,,,,2006/11/22 13:13:39+00,OCTO GIS,,,,669573,6883593,,SMD 5C04,ANC 5C
-77.0473558934516,38.9308070460463,NATIONAL ZOO ADMINISTRATION,,Ward 3,MUSEUM / ZOO,ACTIVE,10044,309257,,,,,,,2010/12/08 13:22:23+00,DAVID,,,,669953,6901019,,SMD 3C03,ANC 3C
-77.0235232719534,38.8912959361668,NATIONAL GALLERY OF ART SCULPTURE GARDEN CAFE PAVILLION,,Ward 2,MUSEUM / ZOO,ACTIVE,10051,309258,,,,,,,2010/12/10 08:47:49+00,DAVID,,,,669954,6885756,,SMD 2C03,ANC 2C
-77.0470657489382,38.9287562408099,NATIONAL ZOO SPEEDWELL FOUNDATION CONSERVATION CAROUSEL,,Ward 3,MUSEUM / ZOO,ACTIVE,16187,317392,,,,,,,2018/01/31 13:04:55+00,DAVID,,,,670383,6781578,,SMD 3C03,ANC 3C
